name,price,image_URL,product_URL,review,luot_mua,description
"Ấm siêu tốc thủy tinh",95.000đ,https://down-vn.img.susercontent.com/file/vn-11134207-7qukw-lk29wqex553623,https://shope.ee/9pEVDGMyJ9,⭐⭐⭐⭐⭐,112,"Ấm siêu tốc 1,8L có thể dùng để pha trà, cà phê, nấu mì. Tự động ngắt điện khi sôi. Chất liệu thủy tinh sang trọng, đảm bảo sức khỏe"
"Nồi lẩu điện mini",114.000đ,https://down-vn.img.susercontent.com/file/vn-11134207-7qukw-lhpobotvc70l2b,https://shope.ee/5V5W3O6B5w,⭐⭐⭐⭐⭐,11238,"Nấu mì, lẩu, các món kho và luộc, cháo, hâm nóng thức ăn, đun nước... Thiết kế an toàn, dễ vệ sinh. Có tặng kèm khay hấp"
"Máy xay mini",73.000đ,https://down-vn.img.susercontent.com/file/vn-11134207-7r98o-lkls3u2n2b568e,https://shope.ee/6fHTRbhuaL,⭐⭐⭐⭐⭐,49586,"Nhỏ gọn, xay thịt cá rau củ, tỏi ớt, trái cây chỉ với một nút bấm"
"Nồi cơm điện mini",169.000đ,https://down-vn.img.susercontent.com/file/vn-11134207-7qukw-lio1o2iie3ma6b,https://shope.ee/2flKgJiKAv,⭐⭐⭐⭐⭐,9840,"Nhỏ gọn, tiện dụng, phù hợp với nhà 1-2 người"
"Máy đánh trứng cầm tay",99.000đ,https://salt.tikicdn.com/cache/280x280/ts/product/6e/0a/45/7fa5b58df08f37d9ccfab249ffc18bc2.jpg,https://shope.ee/2VRuUFqEiH,⭐⭐⭐⭐⭐,495647,"Đánh trứng xốp, tạo bọt mịn cho cà phê, kem tươi, và nhiều loại nguyên liệu khác"
"Bếp từ đơn Sunhouse",850.000đ,https://down-vn.img.susercontent.com/file/cc79b68fefba34133388feea9c06c684,https://shope.ee/1fsnUnDrOq,⭐⭐⭐⭐⭐,8955,"8 chế độ nấu cài đặt sẵn, phù hợp cho mọi nhu cầu nấu nướng"
"Quạt để bàn mini",279.000đ,https://down-vn.img.susercontent.com/file/vn-11134207-7r98o-llq693j7cmvzc0,https://shope.ee/4VCys3sS7W,⭐⭐⭐⭐⭐,438,"Quạt chạy êm, không gây ồn. Nút điều khiển cơ. Thiết kế nhỏ gọn, tiết kiệm không gian"
"Máy nướng bánh mì sandwich",299.000đ,https://down-vn.img.susercontent.com/file/vn-11134201-7r98o-lktixvk9tznk23,https://shope.ee/4VCys6VRrM,⭐⭐⭐⭐⭐,10380,"Máy kẹp nướng bánh mì nướng nhanh, chín đều, có thể nướng 4 lát bánh chỉ trong vòng 3-5 phút"
"Khăn giấy rút treo tường",35.000đ,https://down-vn.img.susercontent.com/file/vn-11134207-7r98o-lmispjsjdlnjdd,https://shope.ee/4fWP4RlfpF,⭐⭐⭐⭐⭐,103874,"Một bịch gồm 1280 tờ. Có thể dùng lau tay, miệng sau ăn, lau mồ hồi, thấm dầu mỡ, lau các bề mặt bàn ghế. Thiết kế treo tường tiện lợi"
"Cân tiểu ly điện tử",149.000đ,https://down-vn.img.susercontent.com/file/vn-11134207-7r98o-loj62vg63l4n76,https://shope.ee/40GiHGrGIy,⭐⭐⭐⭐⭐,1058,"Giúp đo lường tỉ mỉ mọi thành phần từ gia vị đến chất lỏng, hỗ trợ cho việc chế biến món ăn và pha chế đồ uống một cách hoàn hảo"
"Chảo đá chống dính",131.000đ,https://lzd-img-global.slatic.net/g/p/390ca5d160f208a27de266e480a796aa.jpg_2200x2200q80.jpg_.webp,https://s.lazada.vn/s.32sNo?cc,⭐⭐⭐⭐⭐,34515,"Lòng chảo làm bằng đá, rộng, nấu được đa dạng món. Tay cầm bằng gỗ và có móc treo"
"Thớt gỗ hình bàn cờ",99.000đ,https://lzd-img-global.slatic.net/g/p/ec2f8b8dc3ed7a783e4ea19efb16906a.png_2200x2200q80.png_.webp,https://s.lazada.vn/s.32so0?cc,⭐⭐⭐⭐⭐,485,"Đơn giản là trông nó đẹp"
"Giấy dán tường chống nước",22.000đ,https://lzd-img-global.slatic.net/g/p/6c3bb43d1a9224abf0fedad7c29641ac.jpg_2200x2200q80.jpg_.webp,https://s.lazada.vn/s.32sL9?cc,⭐⭐⭐⭐⭐,4369,"Miếng dán chống dầu mịn, dễ cách ly, dễ lau chùi và không phai màu"
"Giấy dán tủ lạnh",105.000đ,https://lzd-img-global.slatic.net/g/p/84838ccb8bcded983c8df82a4150bd89.png_2200x2200q80.png_.webp,https://s.lazada.vn/s.32spx?cc,⭐⭐⭐⭐⭐,3467,"Trang trí tủ lạnh chút cho cá tính, còn nhiều hình đẹp lắm, click vào hình để xem thêm nhé"
"Kệ đựng gia vị 3 tầng",249.000đ,https://lzd-img-global.slatic.net/g/p/030eea44e09abfe5964ffa056b6ba922.png_2200x2200q80.png_.webp,https://s.lazada.vn/s.32sni?cc,⭐⭐⭐⭐⭐,43777,"Kệ 3 tầng dùng để đựng các loại gia vị, nước mắm, tương,... cần thiết trong quá trình nấu ăn. Phù hợp đặt trên kệ bếp"
"Thảm chùi chân cute",80.000đ,https://thamhanlong.com/wp-content/uploads/2023/10/02.jpg,https://s.lazada.vn/s.32sJA?cc,⭐⭐⭐⭐⭐,59437,"Sợi vải làm bằng bông, thấm nước tốt, chùi chân cực êm. Còn nhiều hình đẹp lắm nha"
"Máy hút bụi mini không dây",89.000đ,https://down-vn.img.susercontent.com/file/vn-11134201-7qukw-lkdje3zn3fe08a,https://shope.ee/4pppHcKpHz,⭐⭐⭐⭐⭐,62427,"Chỉ nhỏ gọn bằng 1 chiếc iPhone, hút sạch mọi ngóc ngách, góc tường, sofa, giường, thảm, bụi, lông thú cưng, bàn phím..."
"Ổ điện tích hợp cổng USB",79.000đ,https://lzd-img-global.slatic.net/g/p/e3988864f58526ef083efcf8fa77eb80.jpg_720x720q80.jpg,https://shope.ee/qJgWKGq5y,⭐⭐⭐⭐⭐,43613,"Vừa nấu ăn vừa sạc điện thoại lướt tiktok, tại sao không?"
"Quạt điều hòa Xiaomi",269.000đ,https://down-vn.img.susercontent.com/file/vn-11134207-7qukw-lhrnm0ep9kn59a,https://shope.ee/7ADjl9SYzl?share_channel_code=5,⭐⭐⭐⭐⭐,401,"Quạt chạy rất êm, gió hơi nước tự nhiên, có thể bật để đi ngủ cả đêm"
"Tăm nước",135.000đ,https://down-vn.img.susercontent.com/file/vn-11134201-7r98o-llgljpheb8p457,https://shope.ee/AKAlXBFell?share_channel_code=5,⭐⭐⭐⭐⭐,243045,"Làm sạch răng miệng, thức ăn thừa, không chảy máu chân răng"
"Nồi lẩu hơi điện 3 tầng",979.000đ,https://down-vn.img.susercontent.com/file/vn-11134207-7r98o-loxjrojccorfa8,https://shope.ee/5ASfNkxpie?share_channel_code=5,⭐⭐⭐⭐⭐,2433,"Dễ điều chỉnh, cảm ứng nhạy, dung tích rộng rãi 24l, nấu và hấp được nhiều món một lúc"
"Quạt cây đứng",399.000đ,https://down-vn.img.susercontent.com/file/vn-11134207-7r98o-lmhltui275jz5b,https://shope.ee/10d6Q7HthM?share_channel_code=5,⭐⭐⭐⭐⭐,5385,"Quạt 7 cánh tăng luồng không khí, giúp không khí được trải đều cả phòng. Dễ tháo lắp và vệ sinh"
"Robot hút bụi thông minh",135.000đ,https://down-vn.img.susercontent.com/file/vn-11134201-7r98o-lnn66ti8a0vhfc,https://shope.ee/7zmql1LEsm?share_channel_code=5,⭐⭐⭐⭐⭐,432532,"Chế độ làm sạch: Xoắn ốc, cạnh tường, zig zag, tự động. Điều khiển từ xa. Khi chạy tạo ra tiếng ồn rất thấp"
"Ấm pha trà",91.000đ,https://trumsiaz.com/upload/product/amtra1000ml316giasi-7365.jpg,https://shope.ee/6zuJZE6ANw?share_channel_code=5,⭐⭐⭐⭐⭐,4267,"Dung tích 1000L, có lưới lọc, giữ nhiệt được 48h"
"Smart TV 4K 55 inch",5.008.000đ,https://down-vn.img.susercontent.com/file/vn-11134207-7r98o-lmzm42zrvkmr52,https://shope.ee/6zuJZG9cYU?share_channel_code=5,⭐⭐⭐⭐⭐,43,"Chỉ 5 triệu đồng cho một chiếc smart Tivi 55 inch không viền từ một ông lớn ngành smart Tivi"
"Lò nướng G-Ducky",355.000đ,https://down-vn.img.susercontent.com/file/vn-11134207-7r98o-llbuptdkuyt2f9,https://shope.ee/3pxHnW2Kin?share_channel_code=5,⭐⭐⭐⭐⭐,462,"Nướng bánh hay nướng thịt đều được nha. Một mẻ nướng có thể làm tối đa khoảng 6 bánh biscuit nhỏ hoặc 8 chiếc cánh gà"
"Máy may mini",145.000đ,https://down-vn.img.susercontent.com/file/vn-11134201-7r98o-llgli51sw8g815,https://shope.ee/4Aa8C8nK5u?share_channel_code=5,⭐⭐⭐⭐⭐,2358,"Con dâu biết may áo sửa quần cho chồng sẽ là điểm cộng lớn trong mắt mẹ chồng nha"
"Máy làm sữa hạt",1.249.000đ,https://down-vn.img.susercontent.com/file/vn-11134201-7qukw-lhwt6inwu8at19,https://shope.ee/1qCDPtqatn?share_channel_code=5,⭐⭐⭐⭐⭐,5426,"Xay nghiền các loại hạt ngũ cốc như: đậu nành, ngô, hạnh nhân, óc chó... và có chế độ nấu để làm sữa"
"Nồi chiên không dầu",399.999đ,https://down-vn.img.susercontent.com/file/vn-11134201-7r98o-lmae7f9h17tr14,https://shope.ee/9KIELiIpoB?share_channel_code=5,⭐⭐⭐⭐⭐,3786,"Bếp nào cũng nên có một cái, đi học, đi làm về, chỉ cần ướp thịt xong bỏ vào nồi 30 phút là có bữa tối"
"Máy ép hoa quả",590.000đ,https://down-vn.img.susercontent.com/file/sg-11134201-23020-l14qirs3q4mvd5,https://shope.ee/VgppVGauI?share_channel_code=5,⭐⭐⭐⭐⭐,8534,"Nghiền đá, xay cà rốt, ép các loại hoa quả, rau củ, sữa ngô tươi, sữa đậu nành..."
"Bàn là hơi",229.000đ,https://down-vn.img.susercontent.com/file/vn-11134207-7r98o-loxhzlu14cwe07,https://shope.ee/AUUBjtiS5m?share_channel_code=5,⭐⭐⭐⭐⭐,13495,"Bàn là hơi nước với thiết kế hiện đại, đẹp mắt"
"Lò vi sóng",1.390.000đ,https://down-vn.img.susercontent.com/file/af0a54b45e228e5092d16d1d19557c30,https://shope.ee/8A6Gxg2iCy?share_channel_code=5,⭐⭐⭐⭐⭐,4672,"Lò có dung tích 20 lít. Khoang lò làm bằng thép không gỉ, dễ vệ sinh"
"Máy chiếu mini",1.949.000đ,https://down-vn.img.susercontent.com/file/vn-11134207-7r98o-lkvxbjnm0pmz9a,https://shope.ee/2flKPmrjZY?share_channel_code=5,⭐⭐⭐⭐⭐,331,"Trời lạnh thế này, nằm đắp chăn xong chiều phim lên tường xem thì còn gì bằng"
"Máy sấy giày",360.000đ,https://vn-test-11.slatic.net/p/a00643367c5e3cae960b9de522aecd99.jpg,https://shope.ee/2L8U1CACL9?share_channel_code=5,⭐⭐⭐⭐⭐,148,"Với giầy ẩm ướt do đi mưa hay giặt thì thời gian sấy khoảng 5-6 tiếng. Không lo bị tụ nước làm hư hỏng giày"
"Tủ lạnh đựng mĩ phẩm",485.000đ,https://down-vn.img.susercontent.com/file/vn-11134207-7r98o-lm41rt72gfrz45,https://shope.ee/99yo9oeAVS?share_channel_code=5,⭐⭐⭐⭐⭐,1256,"Không còn phải để đồ mỹ phẩm của mình chung với tủ lạnh thực phẩm nữa nha"
"Ấm đun nước điện",439.000đ,https://lzd-img-global.slatic.net/g/p/16eb3df0b89bbcdbc529e23935ffcd02.jpg_720x720q80.jpg,https://shope.ee/AKAlXyqvDs?share_channel_code=5,⭐⭐⭐⭐⭐,186,"Dung tích 2 lít, nhìn đẹp và sang dữ chưa"
"Máy lọc nước",10.584.000đ,https://livingcare.vn/wp-content/uploads/2023/04/Layer-0.png,https://shope.ee/1VZN1mNoK2?share_channel_code=5,⭐⭐⭐⭐⭐,273,"Công nghệ lọc RO giúp loại bỏ tạp chất, vi sinh, vi khuẩn có trong nước, có sẵn cả nước lạnh và nước sôi"
"Nồi chiên ngập dầu",569.000đ,https://down-vn.img.susercontent.com/file/vn-11134207-7r98o-lmhegblggkwv32,https://shope.ee/9pEUxAlb8x?share_channel_code=5,⭐⭐⭐⭐⭐,709,"Lên youtube xem công thức làm gà KFC xong mua về làm nhé ≽^•⩊•^≼"
"Máy tính bảng HP",1.580.000đ,https://down-vn.img.susercontent.com/file/sg-11134201-7rbm6-lnr9d9hjk62868,https://shope.ee/kZFCTXuz?share_channel_code=5,⭐⭐⭐⭐⭐,667,"Màn hình rộng và tràn, mua về đọc sách hay xem youtube, xem phim, lướt facebook và tiktok đều ok nha"
"Máy xịt thơm phòng",26.000đ,https://down-vn.img.susercontent.com/file/cn-11134207-7qukw-lhtxhtd11e5f19,https://shope.ee/6Uy2zFbIfc?share_channel_code=5,⭐⭐⭐⭐⭐,15775,"Mùi siêu dễ chịu, sạc một lần là dùng được 2 tháng, có thể treo tường, có đèn nữa nha"
"Ly giữ nhiệt Iced Americano",33.000đ,https://giadungplus.vn/wp-content/uploads/2023/04/Ly-Giu-Nhiet-Van-Phong-Iced-Americano-600ml-01.png,https://shope.ee/509FCYsjPJ?share_channel_code=5,⭐⭐⭐⭐⭐,181559,"Giữ nhiệt 4/6h. Tặng kèm nắp đậy, ống hút Inox và dịch vụ khắc tên lên ly"
"Tinh dầu thiên nhiên",18.000đ,https://down-vn.img.susercontent.com/file/26818f2cc2ededdee03baf663986236d,https://shope.ee/6zuJaGOApC?share_channel_code=5,⭐⭐⭐⭐⭐,163086,"22 loại hương khác nhau, click vào hình để vào chọn nha"
"Bàn học gấp",59.000đ,https://down-vn.img.susercontent.com/file/vn-11134207-7qukw-lg3xt2jrzsdmf3,https://shope.ee/LNPe1eYWh?share_channel_code=5,⭐⭐⭐⭐⭐,21505,"Bàn rộng, để được cả sách vở và laptop. Có khe cắm điện thoại/máy tính bảng và hộc đựng bút"
"Nệm topper",155.000đ,https://cf.shopee.vn/file/ce728ace8e0f4ae5fb61ea46cc546d34,https://shope.ee/6Kecn7TMmg?share_channel_code=5,⭐⭐⭐⭐⭐,24525,"Nệm này lót thêm tấm đệm bên dưới nằm êm không thua gì trong khách sạn 5 sao lun"
"Bộ nhả kem đánh răng",89.000đ,https://down-vn.img.susercontent.com/file/sg-11134201-22120-4ikn83kfwdlv91,https://shope.ee/1fsnEaWaFJ?share_channel_code=5,⭐⭐⭐⭐⭐,131905,"Dùng cho mấy đứa lười thôi, nhưng mà công nhận nhìn đẹp thật"
"Sáp thơm phòng",38.000đ,https://product.hstatic.net/1000123703/product/sap_6381c86409784fcea0899e0628a9145a_1024x1024.jpg,https://shope.ee/kZFYtifd?share_channel_code=5,⭐⭐⭐⭐⭐,214956,"Làm thơm phòng tắm, phòng ngủ, tủ quần áo... Còn nhiều mùi lắm, click vào hình để chọn nha"
"Gương soi toàn thân",139.000đ,https://down-vn.img.susercontent.com/file/vn-11134207-7qukw-lk0najj38sn622,https://shope.ee/40Gi0xz8o0?share_channel_code=5,⭐⭐⭐⭐⭐,46247,"Kính chuẩn nét, tỉ lệ 1:1. Dùng để selfie thì khỏi bàn"
"Hộp cơm cắm điện",199.000đ,https://down-vn.img.susercontent.com/file/vn-11134207-7r98o-lnpb6qd5emii33,https://shope.ee/40Gi12fWSG?share_channel_code=5,⭐⭐⭐⭐⭐,427271,"Phù hợp với dân văn phòng, hộp có 2 tầng và 4 bát inox. Dễ vệ sinh"
"Bồn ngâm chân massage",2.890.000đ,https://down-vn.img.susercontent.com/file/vn-11134207-7r98o-lnb766lq7hiy6e,https://shope.ee/2q4kd08DIh?share_channel_code=5,⭐⭐⭐⭐⭐,897,"Có thể massage khô không cần nước. Phù hợp làm quà tặng ba mẹ hay người lớn tuổi"
"Tủ sấy quần áo",1.049.000đ,https://down-vn.img.susercontent.com/file/vn-11134207-7r98o-lm4ww8psp4gv37,https://shope.ee/4ppp0hUr90?share_channel_code=5,⭐⭐⭐⭐⭐,164,"Phù hợp với nhà bạn nào không có sân phơi riêng"
"Máy giặt mini",255.000đ,https://down-vn.img.susercontent.com/file/vn-11134201-7qukw-lkde8apq1fooa1,https://shope.ee/7fA0NwjjGR?share_channel_code=5,⭐⭐⭐⭐⭐,10432,"Mùa đông sắp đến rồi, kiếm cái máy giặt để đỡ khỏi giặt tay thôi, mà máy chỉ giặt được đồ lót, đồ trẻ em và tất thôi nha"
"Máy hút ẩm không khí",598.000đ,https://down-vn.img.susercontent.com/file/vn-11134207-7r98o-lmimgl0gylsva7,https://shope.ee/6Uy2zqV9a0?share_channel_code=5,⭐⭐⭐⭐⭐,34627,"Hút ẩm giúp phòng luôn khô thoáng, thoải mái, đặc biệt với những ngày trời nồm gây ẩm mốc, khó chịu ở Hà Nội"
"Máy lọc không khí",1.790.000đ,https://down-vn.img.susercontent.com/file/vn-11134207-7qukw-lf213cenfjpm9a,https://shope.ee/1fsnF0qk2N?share_channel_code=5,⭐⭐⭐⭐⭐,2467,"Làm sạch không gian sống để giảm thiểu tối đa các chất độc hại đi vào cơ thể, nhất là với điều kiện thời tiết độc hại ngày nay"
"Thuốc nhuộm tóc tại nhà",250.000đ,https://xwatch.vn/upload_images/images/2022/12/13/toc-xanh-duong-hop-voi-khuon-mat-nao.jpg,https://shope.ee/8KPhLZSp5I?share_channel_code=5,⭐⭐⭐⭐⭐,6223,"Màu nhuộm lên chuẩn đẹp, bóng tóc và độ bền cao, tự cân bằng 100%. Click vào ảnh để chọn màu nha"
"Sim 4G Vinaphone",750.000đ,https://lzd-img-global.slatic.net/g/p/51d202e4fb41884bd0024229733f044e.png_2200x2200q80.png_.webp,https://s.lazada.vn/s.32oqi,⭐⭐⭐⭐⭐,678975,"Dùng 4G tốc độ cao miễn phí 1 năm, miễn phí cuộc gọi, xem Youtube 720p không giật lag"
"Sim 4G Mobifone",639.000đ,https://lzd-img-global.slatic.net/g/p/6afbf9ecdae5be2445385a3a44681ff5.png_2200x2200q80.png_.webp,https://s.lazada.vn/s.32oJ6,⭐⭐⭐⭐⭐,34561,"Dùng 4G miễn phí 1 năm, xem Youtube 720p không giật lag"
"Máy triệt lông",2.690.000đ,https://lzd-img-global.slatic.net/g/p/eb4c96a16873bd513f939594caf29f07.png_2200x2200q80.png_.webp,https://s.lazada.vn/s.32oxJ,⭐⭐⭐⭐⭐,135,"Triệt lông băng lạnh, làm trắng da, trị mụn trứng cá, nhỏ gọn"
"Bàn chải điện sóng âm",1.802.000đ,https://my-live-01.slatic.net/p/77b3ecef259df3724917f0e15cb9ffcc.jpg,https://s.lazada.vn/s.32oC5,⭐⭐⭐⭐⭐,361,"Đầu bàn chải rung 40.000 lần trong 1 phút, hiệu quả làm sạch gấp 10 lần bàn chải thông thường"
"Quạt đeo cổ",1.329.000đ,https://lzd-img-global.slatic.net/g/p/1b9d4b82c20f859f60bb04c40517d332.jpg_2200x2200q80.jpg_.webp,https://s.lazada.vn/s.32oBz,⭐⭐⭐⭐⭐,3461,"Phù hợp với dân văn phòng, người chơi thể thao. Dùng làm quà tặng cũng rất hợp"
"Máy lọc không khí",4.472.000đ,https://lzd-img-global.slatic.net/g/p/492c8f0b07bdb7e02e5dab7be3014bcb.jpg_2200x2200q80.jpg_.webp,https://s.lazada.vn/s.32L12,⭐⭐⭐⭐⭐,3136,"Hàng chính hãng Xiaomi, lọc được bụi mịn"
"Loa Bluetooth JBL",3.490.000đ,https://lh3.googleusercontent.com/tGRjQBClqah5MJcCAeK3OU4EwqdhPqZtJpE71tTZ6xUGwisRlvFQs_RqIOcfqREzdQn4NuzRZd-rCytnlaVQe5s04tsxaymKPaOPKrabS0aEjv6CQnZ32-zcKlCDmMSx009LYrJU,https://s.lazada.vn/s.32LWd,⭐⭐⭐⭐⭐,3195,"Hàng JBL chính hãng, tặng thêm tai nghe Bluetooth JBL"
"Tai nghe Bluetooth",320.000đ,https://my-test-11.slatic.net/p/11083dd13d04fc7a824cf00cdc0eab0d.png,https://s.lazada.vn/s.32L3e,⭐⭐⭐⭐⭐,1378,"Hàng chính hãng Lenovo, màu đẹp, âm thanh tốt, có thể dùng để nghe gọi"
"Tai nghe Blueeoth",445.000đ,https://lzd-img-global.slatic.net/g/p/02d95ec242d3e9b28dde38268416a1de.jpg_2200x2200q80.jpg_.webp,https://s.lazada.vn/s.32LeU,⭐⭐⭐⭐⭐,3987,"Hàng chính hãng Anker, thiết kế gọn nhẹ, âm thanh tốt"
"Máy chạy di dộng đa năng",6.800.000đ,https://lzd-img-global.slatic.net/g/p/85f68014ef75ee68ed791b56400d38ba.jpg_720x720q80.jpg,https://s.lazada.vn/s.32L4G,⭐⭐⭐⭐⭐,235,"Máy gọn nhẹ, tiết kiệm không gian, hỗ trợ tập thể dục tại nhà"
"Ghế massage toàn thân",7.820.000đ,https://lzd-img-global.slatic.net/g/p/8d71df23b50b6ed021ba9a1d4d28c46b.jpg_2200x2200q80.jpg_.webp,https://s.lazada.vn/s.32LUX,⭐⭐⭐⭐⭐,267,"Có thể mua làm quà tết tặng ba mẹ ông bà"
"Cân sức khỏe",240.000đ,https://salt.tikicdn.com/cache/w1200/ts/product/94/c3/2a/c4eb34b1a85618845e43ffa54631b881.jpg,https://s.lazada.vn/s.32LTE,⭐⭐⭐⭐⭐,4906,"Nên theo dõi cân nặng hàng ngày để theo dõi sức khỏe và thay đổi chế độ ăn uống, luyện tập cho phù hợp nha"
"Miband 7/8",699.000đ,https://product.hstatic.net/200000547447/product/band-8_579c1870699045cda24ed3de93b5154b_master.jpg,https://s.lazada.vn/s.32L7J,⭐⭐⭐⭐⭐,3462,"Pin khỏe lên đến 15 ngày, thiết kế sang trọng, đeo và tháo nhanh, chống nước"
"Định vị Mi Tag",210.000đ,https://down-vn.img.susercontent.com/file/cn-11134207-7qukw-lfgdyc43r4547f,https://s.lazada.vn/s.32Lis,⭐⭐⭐⭐⭐,24367,"Giúp tìm túi, ví, thú cưng, chìa khóa, xe... dễ dàng, phù hợp cho người hay quên"
"Máy chơi game mini",411.000đ,https://lzd-img-global.slatic.net/g/p/f727d8a1c3a4deff94d842d347c7f11e.jpg_2200x2200q80.jpg_.webp,https://s.lazada.vn/s.32LQV,⭐⭐⭐⭐⭐,43237,"Cùng trở về tuổi thơ nào, có thể gắn vào cả tivi để chơi nha"